timestamp,category,amount,is_impulsive
2025-01-03 08:15:00,Health,645.52,0
2024-10-14 21:47:00,Shopping,783.74,0
2024-11-24 01:01:00,Utilities,526.0,0
2024-12-04 19:01:00,Food,1171.33,0
2024-12-23 22:34:00,Utilities,1074.3,0
2024-12-15 08:51:00,Travel,1180.16,0
2024-10-21 22:27:00,Food,3818.16,0
2024-10-28 10:06:00,Entertainment,1461.57,0
2024-11-15 11:38:00,Food,1961.64,0
2025-01-02 14:34:00,Entertainment,4054.93,1
2024-11-18 02:35:00,Food,4868.27,0
2024-12-19 11:36:00,Entertainment,4164.08,1
2024-10-06 21:14:00,Shopping,3552.4,1
2025-01-18 07:55:00,Entertainment,4927.59,1
2024-11-28 20:53:00,Food,1962.62,0
2024-11-15 06:42:00,Entertainment,897.01,0
2024-12-27 20:04:00,Entertainment,3538.92,1
2024-12-08 23:15:00,Utilities,3211.39,0
2024-11-04 20:44:00,Shopping,2365.08,1
2024-11-11 01:14:00,Utilities,1176.11,0
2024-11-21 08:04:00,Food,4044.72,0
2024-12-12 22:20:00,Shopping,4574.37,1
2024-11-20 20:29:00,Shopping,3311.65,1
2024-11-01 23:35:00,Shopping,1397.91,0
2024-12-14 13:57:00,Utilities,1387.43,0
2024-10-29 04:32:00,Utilities,2057.06,0
2024-10-07 03:09:00,Travel,545.46,0
2024-12-27 13:38:00,Health,883.91,0
2024-12-16 14:33:00,Food,1985.36,0
2025-01-19 00:43:00,Entertainment,4858.28,1
2025-01-22 17:48:00,Health,661.3,0
2024-11-13 03:18:00,Entertainment,3866.13,1
2024-10-01 23:56:00,Travel,874.97,0
2024-12-04 05:32:00,Health,1390.61,0
2024-11-08 20:32:00,Food,4365.54,0
2024-11-17 05:34:00,Utilities,1074.66,0
2024-12-16 10:31:00,Utilities,4600.62,0
2024-11-16 09:15:00,Food,648.15,0
2024-12-12 02:05:00,Food,1280.27,0
2024-10-09 17:49:00,Health,2481.35,0
2024-11-30 17:10:00,Shopping,729.12,0
2024-12-17 13:13:00,Entertainment,2685.6,1
2024-12-28 06:45:00,Utilities,3800.8,0
2024-12-25 20:23:00,Entertainment,2055.06,1
2024-11-27 03:15:00,Travel,4508.11,0
2024-10-03 18:35:00,Shopping,413.73,0
2024-10-01 02:45:00,Shopping,2983.36,1
2024-10-09 01:55:00,Health,388.48,0
2024-10-31 08:42:00,Entertainment,447.2,0
2024-10-17 23:59:00,Travel,1149.76,0
2024-11-01 15:51:00,Utilities,2923.44,0
2024-10-13 21:27:00,Travel,1033.01,0
2024-11-29 23:03:00,Entertainment,2175.54,1
2024-12-22 03:03:00,Health,3301.93,0
2025-01-11 03:15:00,Travel,3668.25,0
2024-11-27 04:27:00,Shopping,1032.02,0
2024-11-01 02:28:00,Shopping,1464.87,0
2024-12-23 17:53:00,Utilities,579.75,0
2025-01-27 07:10:00,Food,4848.08,0
2024-10-28 12:57:00,Travel,2479.64,0
2024-10-01 12:16:00,Food,906.72,0
2024-12-29 23:50:00,Travel,1497.72,0
2024-12-02 04:12:00,Utilities,3343.17,0
2024-10-08 18:47:00,Entertainment,1166.73,0
2024-11-10 01:03:00,Utilities,398.69,0
2025-01-26 16:10:00,Utilities,2436.26,0
2024-10-11 05:04:00,Food,4807.82,0
2025-01-19 07:25:00,Utilities,433.01,0
2024-12-12 07:37:00,Food,4713.82,0
2024-10-11 13:42:00,Utilities,294.73,0
2024-11-10 08:13:00,Utilities,2869.61,0
2024-10-31 08:25:00,Health,3609.34,0
2024-11-08 14:20:00,Shopping,3391.28,1
2024-12-19 18:06:00,Food,145.65,0
2024-12-04 08:08:00,Food,2734.41,0
2025-01-21 07:23:00,Entertainment,4416.23,1
2025-01-15 17:45:00,Entertainment,872.96,0
2025-01-12 20:33:00,Entertainment,3097.22,1
2024-12-10 09:59:00,Food,3372.53,0
2025-01-21 04:16:00,Health,607.57,0
2025-01-04 17:09:00,Food,4459.59,0
2024-10-27 22:21:00,Entertainment,1480.61,0
2025-01-18 08:32:00,Shopping,3468.74,1
2025-01-25 01:05:00,Travel,1330.49,0
2024-11-05 01:00:00,Health,2175.52,0
2024-12-21 08:10:00,Entertainment,3878.48,1
2024-12-30 13:35:00,Health,2264.99,0
2025-01-29 22:57:00,Food,648.18,0
2025-01-15 11:37:00,Shopping,2773.39,1
2024-10-17 01:19:00,Utilities,825.66,0
2025-01-10 01:57:00,Entertainment,4505.01,1
2024-11-01 21:06:00,Entertainment,1129.38,0
2025-01-22 13:39:00,Entertainment,3922.57,1
2025-01-28 07:55:00,Health,857.31,0
2025-01-12 05:56:00,Shopping,4883.41,1
2025-01-03 10:50:00,Travel,221.45,0
2025-01-19 23:51:00,Travel,4030.95,0
2025-01-09 22:06:00,Shopping,1407.35,0
2025-01-18 15:14:00,Travel,4373.62,0
2024-11-28 11:19:00,Shopping,4101.27,1
2024-12-24 06:25:00,Shopping,1192.33,0
2024-10-09 08:22:00,Entertainment,1465.15,0
2024-12-26 17:21:00,Health,2596.09,0
2024-11-03 05:37:00,Food,665.17,0
2024-12-16 13:22:00,Entertainment,287.46,0
2024-11-25 19:32:00,Health,3953.5,0
2024-12-13 06:16:00,Food,1987.46,0
2024-10-01 16:59:00,Food,3573.05,0
2025-01-29 23:47:00,Utilities,3465.6,0
2024-11-25 02:42:00,Health,1065.47,0
2024-12-24 03:46:00,Entertainment,3153.46,1
2024-12-25 13:20:00,Entertainment,2584.9,1
2024-12-10 04:12:00,Travel,3516.32,0
2024-11-18 21:47:00,Travel,3358.15,0
2024-11-08 12:35:00,Shopping,3116.02,1
2024-10-27 13:50:00,Food,1588.99,0
2024-11-11 14:28:00,Utilities,3072.64,0
2024-12-05 15:50:00,Travel,3410.57,0
2024-10-11 09:32:00,Health,931.49,0
2024-11-12 02:52:00,Health,3201.41,0
2024-10-29 06:09:00,Shopping,3396.7,1
2024-11-30 19:54:00,Food,326.45,0
2025-01-22 20:36:00,Food,2331.54,0
2024-11-19 15:25:00,Shopping,3619.89,1
2024-12-28 00:57:00,Shopping,823.1,0
2024-10-29 05:51:00,Food,3914.26,0
2024-10-07 17:15:00,Health,2637.99,0
2025-01-11 14:42:00,Food,2336.66,0
2024-12-16 10:48:00,Utilities,4940.67,0
2025-01-01 16:27:00,Travel,3102.0,0
2024-10-21 23:55:00,Utilities,2284.98,0
2025-01-05 07:53:00,Travel,2305.34,0
2025-01-08 16:31:00,Health,1458.83,0
2024-11-26 02:45:00,Health,1272.3,0
2024-11-12 10:57:00,Entertainment,1249.02,0
2024-10-20 07:24:00,Utilities,494.83,0
2024-10-28 02:26:00,Health,848.75,0
2024-11-29 13:03:00,Travel,1721.32,0
2024-11-19 18:44:00,Shopping,4181.17,1
2025-01-06 18:24:00,Food,4297.99,0
2024-11-15 09:48:00,Travel,128.89,0
2025-01-15 13:34:00,Travel,4281.89,0
2025-01-11 19:57:00,Health,3699.71,0
2024-11-04 13:31:00,Shopping,2492.32,1
2024-12-25 21:51:00,Food,2005.4,0
2025-01-16 14:58:00,Travel,3648.49,0
2024-12-08 00:58:00,Shopping,4905.54,1
2024-12-24 00:05:00,Travel,3000.27,0
2025-01-19 14:11:00,Health,2200.2,0
2024-11-11 06:29:00,Food,1374.77,0
2025-01-21 12:17:00,Entertainment,1753.75,0
2024-10-11 15:01:00,Travel,1336.13,0
2024-11-14 07:41:00,Health,2743.15,0
2024-12-23 01:48:00,Food,3928.04,0
2024-10-26 00:39:00,Food,4753.1,0
2024-11-30 21:07:00,Shopping,1268.87,0
2024-11-29 22:16:00,Utilities,4744.01,0
2024-12-17 23:45:00,Entertainment,922.17,0
2024-10-21 09:06:00,Food,3911.18,0
2024-11-09 18:43:00,Utilities,225.82,0
2024-12-31 06:04:00,Travel,2043.61,0
2024-12-20 07:06:00,Utilities,3484.01,0
2025-01-17 21:38:00,Health,3885.16,0
2024-12-12 01:22:00,Food,4001.51,0
2024-11-17 02:32:00,Utilities,2199.05,0
2025-01-17 13:52:00,Health,1772.03,0
2024-11-16 20:57:00,Travel,617.14,0
2024-11-25 05:46:00,Travel,3565.81,0
2024-11-04 19:51:00,Utilities,4830.82,0
2024-11-29 13:52:00,Utilities,3895.74,0
2024-11-11 07:53:00,Health,3003.13,0
2024-11-27 07:48:00,Food,1466.75,0
2024-12-25 12:21:00,Travel,2892.26,0
2024-11-11 05:31:00,Food,2522.1,0
2024-11-03 10:17:00,Shopping,1838.64,0
2024-11-05 17:00:00,Utilities,3535.8,0
2024-10-11 07:46:00,Utilities,4745.51,0
2025-01-06 07:44:00,Travel,2494.03,0
2024-12-02 14:50:00,Travel,3264.92,0
2024-10-29 12:44:00,Food,555.96,0
2024-12-14 11:30:00,Shopping,1600.41,0
2024-11-24 23:35:00,Utilities,2701.52,0
2024-11-28 08:19:00,Entertainment,1823.87,0
2025-01-01 06:20:00,Entertainment,1229.64,0
2025-01-06 22:11:00,Food,3740.12,0
2024-12-01 08:46:00,Shopping,1160.28,0
2024-12-07 19:18:00,Utilities,4885.37,0
2024-11-07 07:23:00,Food,4179.88,0
2024-12-30 17:08:00,Shopping,1581.11,0
2024-10-07 17:18:00,Entertainment,323.03,0
2024-12-21 15:06:00,Health,4726.04,0
2024-11-30 15:28:00,Food,2912.91,0
2024-10-07 08:55:00,Entertainment,1003.38,0
2024-10-09 12:31:00,Travel,659.03,0
2024-12-27 01:09:00,Food,2927.4,0
2024-11-08 02:15:00,Shopping,4074.6,1
2024-11-23 19:38:00,Food,2834.56,0
2024-12-06 12:28:00,Utilities,1205.87,0
2024-12-15 13:19:00,Travel,1557.03,0
2024-12-18 23:06:00,Utilities,3143.03,0
2024-11-03 21:05:00,Shopping,3165.02,1
2024-12-10 02:10:00,Shopping,1275.34,0
2024-12-28 19:30:00,Food,2101.74,0
2024-11-06 22:18:00,Entertainment,259.94,0
2024-10-10 21:14:00,Health,4312.07,0
2024-12-20 18:42:00,Entertainment,3960.36,1
2024-12-09 07:41:00,Shopping,2183.18,1
2025-01-14 04:04:00,Shopping,4551.22,1
2024-11-09 19:47:00,Food,913.02,0
2024-11-26 03:29:00,Utilities,4613.84,0
2024-11-21 08:32:00,Health,1590.05,0
2024-10-11 19:02:00,Utilities,2519.6,0
2024-12-17 08:01:00,Travel,3699.22,0
2024-12-26 18:37:00,Food,1221.73,0
2024-12-26 08:36:00,Food,4997.9,0
2024-10-23 15:33:00,Food,3839.23,0
2024-11-05 05:37:00,Health,2266.92,0
2024-12-02 02:30:00,Travel,3210.45,0
2024-11-11 21:06:00,Entertainment,2100.91,1
2024-12-28 15:18:00,Shopping,1716.04,0
2025-01-13 17:02:00,Health,4731.45,0
2024-11-02 10:07:00,Travel,531.49,0
2025-01-14 00:42:00,Travel,4338.06,0
2024-10-07 06:33:00,Utilities,2363.68,0
2024-12-03 20:28:00,Entertainment,3150.91,1
2024-12-10 04:59:00,Food,1097.44,0
2024-12-29 15:07:00,Entertainment,2246.77,1
2024-12-17 07:45:00,Food,4868.42,0
2024-10-02 17:26:00,Shopping,1622.68,0
2025-01-16 03:29:00,Food,1201.03,0
2024-10-20 15:59:00,Food,3273.78,0
2024-12-30 08:26:00,Health,1530.12,0
2024-11-01 14:35:00,Travel,4903.2,0
2025-01-26 19:32:00,Shopping,1979.57,0
2025-01-19 02:17:00,Health,4408.7,0
2025-01-09 16:17:00,Travel,1765.39,0
2024-11-08 18:37:00,Food,1485.91,0
2024-10-20 14:34:00,Health,2499.24,0
2024-12-10 17:24:00,Travel,1791.11,0
2025-01-20 06:44:00,Travel,4670.98,0
2024-10-30 13:02:00,Shopping,2901.81,1
2024-12-30 12:24:00,Entertainment,3749.06,1
2024-12-23 04:31:00,Health,3982.73,0
2024-12-15 10:55:00,Food,718.61,0
2024-11-26 03:33:00,Food,4383.53,0
2024-10-19 13:55:00,Travel,175.2,0
2024-10-10 15:50:00,Health,4852.79,0
2024-12-28 12:41:00,Entertainment,1758.95,0
2025-01-18 21:54:00,Food,4273.65,0
2024-11-10 20:45:00,Utilities,1962.05,0
2024-10-05 19:04:00,Travel,4374.68,0
2025-01-26 09:14:00,Shopping,3192.69,1
2024-10-13 20:45:00,Health,542.86,0
2024-12-28 09:57:00,Food,2274.02,0
2025-01-10 01:18:00,Food,325.36,0
2024-10-19 07:33:00,Entertainment,1936.72,0
2025-01-10 05:10:00,Travel,2873.05,0
2025-01-20 12:39:00,Shopping,486.94,0
2025-01-25 18:09:00,Health,1280.07,0
2024-11-02 14:16:00,Shopping,2359.63,1
2025-01-11 14:57:00,Health,146.05,0
2024-10-21 02:28:00,Entertainment,3420.29,1
2024-11-08 20:27:00,Entertainment,4939.49,1
2025-01-17 09:12:00,Health,1325.48,0
2024-10-14 07:24:00,Travel,4281.34,0
2024-11-07 22:18:00,Utilities,1858.9,0
2024-12-24 12:17:00,Food,4891.93,0
2024-12-27 23:03:00,Food,2873.05,0
2025-01-15 09:49:00,Utilities,3751.34,0
2024-11-15 07:40:00,Shopping,3074.62,1
2024-12-26 23:49:00,Shopping,3142.37,1
2024-10-18 20:06:00,Health,3436.19,0
2024-11-09 14:02:00,Health,3267.07,0
2024-10-17 02:58:00,Utilities,1887.82,0
2024-11-23 05:12:00,Entertainment,1700.92,0
2025-01-21 11:33:00,Shopping,3953.91,1
2025-01-15 05:16:00,Utilities,4576.09,0
2024-11-07 23:55:00,Travel,4840.18,0
2024-11-29 02:09:00,Entertainment,4040.74,1
2025-01-01 21:25:00,Shopping,4314.69,1
2025-01-10 12:00:00,Utilities,1892.3,0
2024-11-28 11:43:00,Entertainment,2729.2,1
2024-12-14 12:52:00,Health,3394.47,0
2024-10-14 21:14:00,Health,4707.43,0
2025-01-22 17:20:00,Travel,222.62,0
2024-10-09 20:52:00,Utilities,1184.7,0
2024-11-08 20:26:00,Travel,4556.0,0
2024-10-05 09:31:00,Food,784.91,0
2025-01-22 17:08:00,Food,576.24,0
2024-12-25 23:44:00,Travel,2322.85,0
2025-01-04 23:09:00,Utilities,2153.72,0
2025-01-15 15:39:00,Travel,3309.12,0
2024-11-05 01:44:00,Travel,4701.36,0
2024-11-26 07:54:00,Entertainment,1164.62,0
2024-12-27 11:34:00,Entertainment,586.84,0
2024-11-20 08:12:00,Health,1857.5,0
2025-01-14 14:05:00,Food,4750.15,0
2024-12-21 19:01:00,Health,1139.32,0
2024-11-01 04:50:00,Food,3955.29,0
2025-01-15 17:13:00,Utilities,1105.51,0
2025-01-20 07:21:00,Utilities,1158.16,0
2024-12-16 00:17:00,Shopping,3964.35,1
2024-12-09 08:51:00,Shopping,4938.88,1
2025-01-19 00:08:00,Shopping,638.64,0
2025-01-09 07:37:00,Food,1855.39,0
2024-11-03 01:08:00,Entertainment,177.33,0
2024-10-15 23:04:00,Health,2162.71,0
2024-11-16 16:37:00,Travel,2296.55,0
2024-10-29 19:02:00,Food,2314.83,0
2025-01-19 21:33:00,Health,3937.81,0
2024-10-04 01:30:00,Entertainment,2344.41,1
2024-10-14 15:45:00,Travel,2188.74,0
2024-10-11 10:38:00,Travel,460.1,0
2024-11-05 19:40:00,Shopping,421.84,0
2024-11-11 12:38:00,Utilities,2786.95,0
2024-12-04 19:27:00,Utilities,1545.0,0
2024-10-15 20:41:00,Food,3986.17,0
2024-10-28 13:28:00,Utilities,3632.12,0
2025-01-14 14:25:00,Shopping,2127.69,1
2024-11-10 13:20:00,Travel,3675.1,0
2024-10-20 21:59:00,Health,1348.96,0
2025-01-15 02:05:00,Travel,428.95,0
2025-01-03 11:51:00,Travel,573.17,0
2024-12-15 17:35:00,Shopping,2826.22,1
2024-11-22 11:55:00,Entertainment,3383.06,1
2024-11-24 23:03:00,Health,4711.54,0
2024-11-15 03:36:00,Entertainment,3042.01,1
2024-12-24 15:14:00,Utilities,1142.42,0
2024-12-11 11:07:00,Food,1815.56,0
2025-01-12 13:54:00,Entertainment,2913.09,1
2025-01-13 19:39:00,Utilities,4875.28,0
2024-10-04 19:59:00,Health,3249.23,0
2024-11-04 00:11:00,Health,4164.36,0
2024-11-09 10:22:00,Entertainment,3543.22,1
2024-10-19 18:42:00,Food,988.89,0
2025-01-03 20:01:00,Travel,440.97,0
2024-10-28 12:26:00,Food,3755.95,0
2024-11-17 09:46:00,Travel,1770.39,0
2024-12-12 19:05:00,Entertainment,3906.49,1
2025-01-05 19:03:00,Food,862.34,0
2024-11-26 21:27:00,Health,499.75,0
2024-11-23 08:13:00,Travel,3074.67,0
2024-11-25 03:18:00,Utilities,657.71,0
2024-12-02 16:42:00,Health,3424.58,0
2024-11-20 19:03:00,Entertainment,322.55,0
2024-10-28 04:48:00,Food,1101.67,0
2024-10-16 00:31:00,Entertainment,1518.29,0
2024-10-17 12:34:00,Health,2210.21,0
2024-12-11 21:51:00,Health,1227.54,0
2025-01-19 23:02:00,Entertainment,453.17,0
2025-01-26 02:55:00,Travel,191.83,0
2024-12-13 12:45:00,Entertainment,2921.22,1
2024-10-15 12:01:00,Health,2146.7,0
2024-12-19 14:53:00,Entertainment,942.18,0
2024-10-12 13:54:00,Health,4606.87,0
2024-12-15 12:33:00,Food,1292.25,0
2024-11-09 23:21:00,Food,2039.26,0
2024-10-22 02:32:00,Shopping,1732.04,0
2024-12-05 06:57:00,Health,658.73,0
2025-01-13 20:52:00,Entertainment,1820.39,0
2024-10-19 08:12:00,Shopping,1257.72,0
2025-01-06 20:04:00,Shopping,3051.76,1
2024-12-20 15:29:00,Shopping,4761.33,1
2024-11-27 21:59:00,Utilities,3823.4,0
2024-12-19 10:55:00,Utilities,3250.66,0
2024-11-26 02:30:00,Health,1649.08,0
2025-01-10 08:37:00,Travel,3193.79,0
2024-10-10 09:29:00,Food,1824.52,0
2024-11-17 09:04:00,Travel,284.28,0
2025-01-18 02:39:00,Health,4334.83,0
2024-11-29 18:35:00,Utilities,2584.63,0
2024-11-27 18:41:00,Health,4489.8,0
2024-11-30 16:09:00,Shopping,1675.48,0
2025-01-12 10:45:00,Food,2307.56,0
2024-10-23 01:15:00,Food,2572.29,0
2024-11-26 16:33:00,Health,2245.02,0
2024-11-17 09:24:00,Utilities,877.86,0
2024-12-26 19:03:00,Travel,3894.88,0
2024-10-09 10:06:00,Health,3271.8,0
2024-11-06 08:46:00,Utilities,3424.06,0
2024-12-17 04:21:00,Health,4825.61,0
2024-10-19 11:19:00,Food,2955.42,0
2024-11-20 04:38:00,Health,3522.55,0
2024-11-09 17:24:00,Health,4696.21,0
2025-01-13 04:42:00,Health,3979.14,0
2025-01-03 21:58:00,Health,4161.9,0
2024-12-25 13:32:00,Utilities,557.92,0
2024-11-09 05:13:00,Entertainment,189.33,0
2024-12-02 06:14:00,Entertainment,4743.57,1
2024-11-07 03:32:00,Shopping,859.23,0
2025-01-22 16:02:00,Utilities,4192.09,0
2025-01-07 19:08:00,Health,1750.15,0
2024-10-21 05:53:00,Utilities,1945.93,0
2025-01-12 05:46:00,Health,3878.38,0
2024-11-16 21:46:00,Travel,314.09,0
2024-12-18 09:48:00,Shopping,4850.98,1
2024-10-30 17:15:00,Health,3940.62,0
2025-01-09 15:57:00,Entertainment,4831.42,1
2024-12-13 14:29:00,Shopping,1902.42,0
2024-12-04 16:26:00,Entertainment,3912.81,1
2025-01-11 19:08:00,Shopping,4102.77,1
2024-12-01 11:35:00,Entertainment,355.68,0
2024-12-06 03:18:00,Food,3585.86,0
2024-11-04 14:57:00,Food,3839.27,0
2024-11-25 02:58:00,Utilities,822.01,0
2025-01-22 11:59:00,Shopping,4101.85,1
2024-11-20 16:23:00,Food,2132.99,0
2024-10-11 11:14:00,Shopping,1992.21,0
2024-10-13 22:41:00,Food,1661.56,0
2024-10-18 01:18:00,Entertainment,3977.77,1
2024-10-18 22:30:00,Travel,3510.75,0
2025-01-24 02:01:00,Travel,3115.21,0
2024-10-20 17:46:00,Entertainment,1156.71,0
2024-10-15 09:15:00,Utilities,2686.08,0
2024-10-31 13:40:00,Entertainment,697.06,0
2024-10-15 15:38:00,Utilities,2339.86,0
2024-12-05 18:15:00,Utilities,180.53,0
2024-11-24 00:39:00,Health,803.53,0
2024-11-23 05:42:00,Entertainment,1278.76,0
2024-11-16 02:33:00,Health,519.51,0
2024-12-04 17:01:00,Utilities,2585.91,0
2024-10-06 20:24:00,Travel,4379.32,0
2024-10-03 11:50:00,Entertainment,1342.89,0
2025-01-02 21:40:00,Food,1789.53,0
2025-01-03 10:08:00,Food,3880.36,0
2024-11-13 20:11:00,Food,1826.27,0
2024-12-29 15:40:00,Health,2376.65,0
2024-10-09 22:49:00,Shopping,4076.34,1
2024-10-26 01:50:00,Travel,281.22,0
2024-11-10 09:32:00,Shopping,4440.37,1
2024-12-09 15:16:00,Travel,4946.7,0
2024-10-25 09:22:00,Food,3791.13,0
2024-11-12 08:07:00,Food,4342.41,0
2024-11-21 23:28:00,Entertainment,2241.06,1
2024-10-24 15:44:00,Travel,1761.28,0
2025-01-11 16:17:00,Travel,1900.0,0
2024-10-11 13:38:00,Food,3662.7,0
2024-11-11 03:05:00,Shopping,2772.82,1
2024-11-09 14:38:00,Entertainment,3338.5,1
2024-12-28 14:22:00,Health,2187.97,0
2025-01-20 11:39:00,Travel,307.54,0
2025-01-10 01:04:00,Travel,1445.32,0
2024-11-16 16:51:00,Health,3223.81,0
2024-10-04 04:54:00,Health,3429.11,0
2024-11-26 01:08:00,Utilities,3422.64,0
2024-12-22 11:23:00,Food,1256.38,0
2024-10-05 19:09:00,Travel,4752.39,0
2024-11-17 11:28:00,Health,2304.62,0
2024-12-07 11:25:00,Food,2912.22,0
2024-11-01 03:01:00,Entertainment,3282.85,1
2024-12-06 12:58:00,Health,1011.64,0
2025-01-08 08:45:00,Utilities,677.03,0
2024-12-18 09:44:00,Travel,1151.4,0
2024-10-18 02:28:00,Travel,1080.87,0
2024-11-26 02:51:00,Shopping,4503.53,1
2024-11-10 21:22:00,Health,4841.05,0
2024-12-09 09:57:00,Health,418.2,0
2024-12-31 22:59:00,Entertainment,4271.67,1
2025-01-10 11:32:00,Health,3224.73,0
2024-10-26 04:15:00,Shopping,694.68,0
2024-12-10 18:23:00,Travel,228.79,0
2024-12-10 04:39:00,Travel,4037.94,0
2024-11-20 22:46:00,Food,422.17,0
2025-01-07 13:52:00,Travel,2675.91,0
2024-11-10 20:04:00,Utilities,461.38,0
2024-12-06 11:08:00,Travel,2382.58,0
2024-10-24 04:27:00,Utilities,3234.99,0
2024-10-08 03:33:00,Utilities,4562.49,0
2024-10-21 10:59:00,Shopping,1590.21,0
2025-01-29 16:57:00,Health,1204.8,0
2024-11-02 06:40:00,Entertainment,4245.08,1
2024-12-20 09:39:00,Utilities,1444.81,0
2024-12-22 05:37:00,Utilities,557.8,0
2024-12-24 19:46:00,Utilities,855.55,0
2025-01-27 18:02:00,Utilities,1754.34,0
2024-12-22 18:16:00,Food,497.99,0
2024-12-13 13:39:00,Health,1132.96,0
2025-01-22 20:34:00,Health,248.4,0
2024-11-08 15:15:00,Entertainment,3245.35,1
2024-11-28 02:44:00,Health,2089.85,0
2024-11-23 15:29:00,Food,874.59,0
2024-10-19 10:55:00,Shopping,1766.94,0
2025-01-19 11:25:00,Health,1664.65,0
2024-12-05 17:06:00,Shopping,3827.26,1
2024-10-16 08:28:00,Entertainment,1284.52,0
2024-10-07 09:24:00,Shopping,790.3,0
2025-01-19 05:52:00,Utilities,2148.86,0
2025-01-01 10:12:00,Entertainment,4675.38,1
2024-12-05 14:31:00,Shopping,2541.5,1
2024-10-12 12:32:00,Entertainment,2537.11,1
2024-10-28 18:22:00,Travel,4836.76,0
2024-12-03 19:56:00,Food,347.65,0
2024-11-06 17:00:00,Health,3395.35,0
2025-01-21 08:46:00,Food,2211.55,0
2024-11-16 01:25:00,Entertainment,3842.9,1
2024-10-25 11:35:00,Food,2894.38,0
2024-12-04 14:48:00,Entertainment,460.31,0
2024-12-19 21:39:00,Utilities,1470.63,0
2024-10-13 12:23:00,Food,730.45,0
2024-11-16 04:12:00,Entertainment,2833.38,1
2024-12-04 01:02:00,Utilities,2594.7,0
2024-11-12 15:33:00,Food,771.48,0
2025-01-23 16:08:00,Travel,829.81,0
2024-11-10 05:25:00,Entertainment,4663.71,1
2024-11-08 18:21:00,Utilities,3722.66,0
2024-12-08 15:45:00,Utilities,4158.62,0
2025-01-13 00:23:00,Utilities,1568.97,0
2024-11-23 18:19:00,Entertainment,3401.65,1
2024-12-20 00:38:00,Health,4373.29,0
2024-12-23 18:36:00,Travel,1401.1,0
2024-12-14 15:10:00,Shopping,3634.86,1
2024-12-19 12:09:00,Utilities,3182.22,0
2024-12-13 22:07:00,Health,1286.76,0
2024-11-10 13:09:00,Shopping,192.79,0
2024-11-22 16:49:00,Travel,3483.45,0
2025-01-20 23:46:00,Utilities,4610.55,0
2024-12-06 06:35:00,Food,3558.3,0
2024-12-01 16:24:00,Entertainment,4990.8,1
2024-11-28 17:21:00,Entertainment,4787.76,1
2025-01-07 23:43:00,Utilities,1836.01,0
2024-11-03 19:30:00,Health,4037.9,0
2024-11-05 17:19:00,Shopping,4790.95,1
2024-11-08 09:45:00,Shopping,4713.28,1
2024-12-02 10:30:00,Shopping,3482.18,1
2025-01-28 23:17:00,Entertainment,2846.39,1
2024-12-26 17:24:00,Entertainment,697.18,0
2025-01-07 04:18:00,Travel,4110.05,0
2024-12-31 02:22:00,Food,1509.39,0
2025-01-04 15:13:00,Travel,3314.26,0
2024-11-04 17:44:00,Shopping,4156.96,1
2024-12-18 23:37:00,Entertainment,772.64,0
2024-12-25 16:14:00,Shopping,1288.04,0
2024-10-13 13:21:00,Health,1240.9,0
2024-12-27 04:00:00,Health,2414.78,0
2024-10-21 13:41:00,Utilities,4891.76,0
2024-10-26 09:20:00,Travel,2439.5,0
2025-01-25 02:41:00,Entertainment,3264.9,1
2025-01-03 23:54:00,Utilities,1237.88,0
2024-10-23 13:56:00,Food,4574.83,0
2024-10-05 12:50:00,Shopping,4676.22,1
2025-01-04 09:56:00,Travel,1012.93,0
2024-12-12 19:06:00,Food,145.41,0
2024-12-22 17:33:00,Entertainment,1494.35,0
2024-10-18 16:29:00,Travel,4457.37,0
2024-10-15 10:10:00,Entertainment,1044.78,0
2024-11-02 22:11:00,Health,2348.68,0
2025-01-10 09:36:00,Food,3709.43,0
2024-10-23 19:54:00,Health,3810.69,0
2025-01-14 13:32:00,Health,4495.51,0
2024-12-25 03:11:00,Entertainment,525.02,0
2025-01-28 07:00:00,Shopping,2439.53,1
2024-11-27 08:21:00,Entertainment,1979.51,0
2024-12-13 00:16:00,Entertainment,2954.06,1
2024-10-31 01:42:00,Health,1861.81,0
2024-10-21 12:43:00,Food,2380.44,0
2025-01-22 22:49:00,Utilities,4623.22,0
2024-12-21 09:23:00,Entertainment,3482.42,1
2024-10-18 15:09:00,Utilities,1182.16,0
2024-12-17 11:26:00,Travel,3763.9,0
2024-11-30 17:51:00,Health,2791.25,0
2025-01-06 07:43:00,Health,4145.46,0
2024-10-11 16:28:00,Utilities,4378.36,0
2024-10-10 18:07:00,Utilities,3548.45,0
2025-01-24 16:12:00,Food,4160.99,0
2024-10-22 10:54:00,Utilities,2729.63,0
2024-12-27 06:45:00,Utilities,2265.02,0
2025-01-24 16:28:00,Utilities,2495.26,0
2024-12-05 13:29:00,Food,2321.82,0
2024-11-29 21:51:00,Utilities,382.91,0
2024-11-20 08:52:00,Entertainment,3644.07,1
2024-12-14 02:02:00,Food,3754.44,0
2024-10-09 17:03:00,Travel,1788.19,0
2024-11-30 01:18:00,Food,4932.07,0
2024-10-18 20:46:00,Travel,981.91,0
2024-11-17 12:28:00,Health,4822.53,0
2024-12-27 21:55:00,Travel,1940.66,0
2025-01-19 11:07:00,Utilities,751.65,0
2024-11-20 16:08:00,Shopping,4964.95,1
2025-01-15 00:48:00,Health,4895.75,0
2024-11-29 21:46:00,Food,4894.6,0
2024-11-18 07:15:00,Utilities,2178.23,0
2024-11-05 06:59:00,Travel,1796.18,0
2024-10-05 21:26:00,Health,3850.9,0
2025-01-22 00:15:00,Utilities,3853.66,0
2024-12-16 01:28:00,Shopping,429.73,0
2025-01-20 01:15:00,Utilities,3392.92,0
2024-11-26 07:34:00,Health,316.76,0
2025-01-08 01:08:00,Shopping,3796.49,1
2024-10-30 23:36:00,Utilities,4968.07,0
2025-01-07 21:52:00,Entertainment,2929.63,1
2025-01-21 04:42:00,Entertainment,1260.83,0
2024-11-08 08:03:00,Utilities,1183.11,0
2025-01-21 23:58:00,Utilities,4747.75,0
2024-11-24 17:31:00,Shopping,3167.37,1
2025-01-29 20:42:00,Food,4864.22,0
2024-11-10 22:26:00,Travel,3950.44,0
2024-11-18 05:48:00,Travel,831.17,0
2025-01-17 07:19:00,Utilities,2420.24,0
2024-11-29 01:35:00,Health,807.32,0
2024-12-11 16:08:00,Travel,4842.15,0
2024-10-27 10:41:00,Travel,1290.01,0
2025-01-17 11:05:00,Food,4618.91,0
2024-10-25 01:17:00,Utilities,3650.47,0
2024-12-17 01:55:00,Travel,3400.99,0
2025-01-06 18:46:00,Food,1022.0,0
2024-12-01 06:55:00,Health,2838.37,0
2025-01-25 00:13:00,Entertainment,1585.62,0
2024-10-16 23:48:00,Shopping,4814.18,1
2024-12-29 19:45:00,Travel,4580.76,0
2024-10-31 17:20:00,Shopping,2043.5,1
2024-12-08 20:22:00,Entertainment,1965.24,0
2024-12-05 15:29:00,Entertainment,1381.65,0
2025-01-01 15:48:00,Food,4033.8,0
2024-11-17 10:26:00,Entertainment,4580.22,1
2024-10-29 23:09:00,Food,2856.37,0
2025-01-28 18:37:00,Food,1377.79,0
2024-10-20 06:21:00,Health,2146.13,0
2025-01-15 07:31:00,Shopping,1961.21,0
2024-12-27 10:16:00,Utilities,3307.58,0
2024-12-22 23:31:00,Travel,4835.89,0
2025-01-10 11:10:00,Travel,924.34,0
2024-12-02 05:58:00,Shopping,3629.54,1
2024-10-08 16:02:00,Utilities,4952.59,0
2024-12-25 01:48:00,Food,4731.42,0
2025-01-16 20:14:00,Food,2120.72,0
2024-10-02 06:32:00,Food,3565.13,0
2024-12-19 20:42:00,Travel,1928.68,0
2024-12-24 15:01:00,Utilities,4572.48,0
2024-11-22 00:01:00,Food,2707.84,0
2024-12-08 09:01:00,Utilities,3638.74,0
2024-12-26 13:51:00,Utilities,4084.47,0
2024-10-13 16:09:00,Shopping,624.38,0
2024-12-07 08:52:00,Shopping,1040.47,0
2024-11-20 02:23:00,Entertainment,1409.89,0
2024-11-01 22:14:00,Travel,2349.09,0
2025-01-17 02:41:00,Entertainment,3451.8,1
2024-10-12 12:24:00,Health,3821.97,0
2024-10-08 20:00:00,Travel,2808.24,0
2024-12-03 13:41:00,Health,939.78,0
2025-01-18 03:57:00,Entertainment,2872.7,1
2024-10-30 06:57:00,Utilities,4603.85,0
2024-11-30 08:02:00,Health,4449.02,0
2024-11-05 17:36:00,Food,3453.7,0
2025-01-27 10:01:00,Health,261.22,0
2025-01-05 22:52:00,Shopping,2976.48,1
2024-11-08 05:36:00,Travel,4651.49,0
2025-01-17 12:43:00,Shopping,2876.81,1
2025-01-05 23:08:00,Utilities,1725.48,0
2024-12-04 23:22:00,Health,3648.4,0
2024-10-30 02:21:00,Food,578.66,0
2024-12-16 12:49:00,Utilities,3868.13,0
2024-11-04 14:31:00,Entertainment,245.17,0
2025-01-29 12:27:00,Shopping,1843.47,0
2024-12-24 12:05:00,Shopping,3430.5,1
2024-11-01 22:04:00,Utilities,1547.36,0
2024-11-18 22:50:00,Food,1413.06,0
2024-11-19 10:23:00,Health,855.96,0
2025-01-29 09:28:00,Food,548.45,0
2024-10-14 04:05:00,Entertainment,3830.6,1
2024-12-11 17:32:00,Shopping,2211.8,1
2024-10-12 11:35:00,Travel,606.14,0
2025-01-09 10:55:00,Food,3024.93,0
2024-11-22 12:49:00,Travel,160.47,0
2024-12-11 07:36:00,Food,3651.73,0
2024-11-18 05:08:00,Utilities,930.96,0
2024-12-03 04:04:00,Entertainment,1575.54,0
2024-11-23 09:30:00,Shopping,2229.91,1
2025-01-29 07:46:00,Food,1869.51,0
2024-12-18 06:29:00,Health,2529.43,0
2024-10-01 12:21:00,Food,763.9,0
2025-01-19 10:28:00,Utilities,1961.46,0
2025-01-14 20:38:00,Entertainment,2210.02,1
2024-12-17 22:12:00,Shopping,1572.13,0
2024-11-20 10:18:00,Travel,1639.5,0
2024-12-02 18:50:00,Health,3505.29,0
2024-11-05 12:23:00,Shopping,1696.84,0
2024-10-26 18:34:00,Food,4667.13,0
2024-12-10 00:46:00,Shopping,3440.39,1
2024-10-27 14:51:00,Travel,4720.58,0
2024-10-09 13:43:00,Entertainment,4173.28,1
2024-11-08 07:16:00,Travel,781.98,0
2024-11-24 12:04:00,Health,855.3,0
2024-12-01 18:25:00,Travel,4954.43,0
2025-01-26 22:26:00,Utilities,2582.4,0
2024-11-16 22:57:00,Utilities,280.15,0
2025-01-26 02:06:00,Utilities,3009.72,0
2024-11-15 05:41:00,Shopping,3322.25,1
2024-12-22 21:41:00,Utilities,317.05,0
2024-11-12 13:06:00,Travel,4837.37,0
2024-10-29 16:47:00,Food,583.17,0
2024-12-28 18:14:00,Utilities,2834.17,0
2024-11-29 21:37:00,Travel,1933.19,0
2024-11-14 00:30:00,Health,2552.28,0
2025-01-26 02:07:00,Food,1547.62,0
2024-11-09 10:29:00,Health,794.21,0
2024-11-14 15:06:00,Shopping,2653.46,1
2024-11-27 10:04:00,Travel,3637.77,0
2024-12-30 03:01:00,Entertainment,318.95,0
2024-12-26 05:59:00,Entertainment,3275.05,1
2024-10-23 17:10:00,Health,1295.17,0
2024-11-29 07:51:00,Entertainment,2843.26,1
2024-10-24 20:42:00,Travel,3185.83,0
2025-01-03 19:56:00,Travel,2038.35,0
2024-11-24 12:00:00,Shopping,2302.92,1
2024-11-05 22:51:00,Health,1152.5,0
2025-01-11 17:11:00,Food,2929.0,0
2024-11-28 03:16:00,Entertainment,1697.33,0
2024-12-07 20:20:00,Health,4326.92,0
2024-11-20 18:07:00,Utilities,2004.33,0
2024-11-28 19:11:00,Entertainment,1824.73,0
2024-11-08 19:37:00,Health,3559.34,0
2024-11-10 03:15:00,Food,3393.34,0
2024-11-17 22:09:00,Entertainment,673.05,0
2024-12-16 04:36:00,Utilities,2003.47,0
2024-12-02 20:34:00,Travel,2172.89,0
2025-01-28 05:35:00,Health,4603.89,0
2024-10-18 05:20:00,Shopping,2499.25,1
2025-01-19 11:00:00,Travel,3135.11,0
2025-01-13 12:35:00,Travel,769.02,0
2024-11-22 21:31:00,Utilities,3300.04,0
2024-11-26 15:10:00,Travel,3579.7,0
2025-01-10 07:18:00,Food,2870.45,0
2024-12-08 09:10:00,Food,1446.78,0
2025-01-07 15:35:00,Travel,2871.69,0
2024-10-15 08:49:00,Utilities,654.73,0
2024-11-16 17:52:00,Utilities,4134.09,0
2024-11-26 17:13:00,Food,3824.02,0
2025-01-15 20:48:00,Travel,601.84,0
2024-10-05 14:16:00,Shopping,1558.77,0
2024-10-12 14:55:00,Entertainment,4324.78,1
2024-10-31 06:51:00,Food,3900.6,0
2024-11-14 22:39:00,Health,2980.83,0
2024-12-18 04:50:00,Health,2198.02,0
2025-01-12 01:36:00,Shopping,4086.3,1
2024-12-16 17:10:00,Entertainment,2708.18,1
2024-11-07 09:36:00,Entertainment,4897.1,1
2024-12-05 21:52:00,Entertainment,4766.75,1
2025-01-05 13:58:00,Food,764.39,0
2025-01-19 20:08:00,Food,4963.18,0
2024-11-01 04:45:00,Health,4343.79,0
2025-01-06 21:25:00,Entertainment,4159.56,1
2024-12-20 08:40:00,Travel,796.64,0
2024-10-10 20:50:00,Travel,1938.34,0
2025-01-04 08:44:00,Food,2073.97,0
2024-12-02 10:37:00,Entertainment,2328.01,1
2025-01-17 23:05:00,Food,4357.65,0
2024-12-21 21:44:00,Health,4863.54,0
2025-01-10 17:25:00,Entertainment,4265.52,1
2025-01-14 06:31:00,Shopping,4843.83,1
2024-11-06 10:35:00,Entertainment,1682.04,0
2025-01-18 15:50:00,Utilities,739.91,0
2025-01-06 01:02:00,Entertainment,4481.36,1
2025-01-16 14:01:00,Food,3168.28,0
2024-10-21 14:29:00,Food,4654.22,0
2024-11-24 06:44:00,Food,4960.01,0
2024-11-08 05:55:00,Shopping,4422.52,1
2024-11-16 08:05:00,Entertainment,557.37,0
2024-12-23 05:03:00,Entertainment,3356.09,1
2025-01-01 22:48:00,Travel,3165.46,0
2024-10-12 22:06:00,Shopping,2203.23,1
2024-10-10 04:37:00,Food,1145.76,0
2024-11-26 00:00:00,Shopping,2645.28,1
2024-10-16 13:44:00,Health,1783.51,0
2024-10-30 12:05:00,Shopping,2440.73,1
2024-10-14 10:23:00,Health,4049.19,0
2025-01-08 04:41:00,Entertainment,771.93,0
2024-12-07 18:00:00,Health,799.98,0
2024-11-26 11:46:00,Utilities,3285.1,0
2024-10-20 13:39:00,Shopping,3177.59,1
2024-10-28 02:57:00,Health,2267.68,0
2024-10-16 18:46:00,Food,786.06,0
2024-11-24 10:50:00,Travel,1822.52,0
2024-12-22 02:15:00,Shopping,1314.15,0
2025-01-01 19:18:00,Utilities,3044.9,0
2025-01-17 21:56:00,Health,231.44,0
2024-12-17 16:12:00,Entertainment,1106.68,0
2024-12-22 01:50:00,Health,2019.58,0
2024-10-15 07:31:00,Shopping,2524.95,1
2024-12-07 00:23:00,Health,3010.26,0
2025-01-19 18:26:00,Entertainment,746.72,0
2024-10-23 15:49:00,Entertainment,2777.15,1
2024-10-09 00:16:00,Food,181.78,0
2024-10-08 12:32:00,Shopping,295.15,0
2024-12-04 13:27:00,Entertainment,3180.0,1
2024-12-21 17:34:00,Health,2071.16,0
2024-10-11 09:05:00,Utilities,848.13,0
2025-01-12 04:34:00,Utilities,4612.53,0
2024-12-21 20:43:00,Entertainment,2014.58,1
2024-12-29 13:46:00,Health,423.96,0
2024-10-12 13:07:00,Shopping,383.74,0
2024-10-08 09:42:00,Travel,3100.25,0
2024-10-23 03:00:00,Health,3324.46,0
2024-10-02 05:31:00,Health,772.34,0
2025-01-09 23:16:00,Entertainment,2662.73,1
2025-01-04 08:46:00,Shopping,1922.16,0
2024-10-04 10:51:00,Food,3880.01,0
2024-10-09 08:45:00,Travel,1432.7,0
2024-12-03 14:32:00,Utilities,3174.91,0
2025-01-18 18:10:00,Entertainment,371.65,0
2025-01-07 03:57:00,Entertainment,870.82,0
2024-10-15 07:47:00,Utilities,3403.19,0
2025-01-18 00:15:00,Utilities,112.59,0
2024-11-19 04:11:00,Food,2411.65,0
2025-01-25 22:47:00,Food,2809.04,0
2024-11-11 07:26:00,Health,2154.91,0
2025-01-14 02:36:00,Health,1667.68,0
2024-12-26 01:11:00,Entertainment,685.06,0
2024-10-06 12:04:00,Shopping,4041.26,1
2025-01-08 09:20:00,Travel,4343.56,0
2024-10-02 11:12:00,Food,2810.15,0
2024-11-08 23:39:00,Entertainment,2862.65,1
2024-12-15 15:49:00,Shopping,2373.24,1
2024-12-09 07:09:00,Shopping,3689.07,1
2024-10-04 07:34:00,Food,4668.75,0
2024-12-28 00:21:00,Entertainment,3216.12,1
2024-11-18 23:46:00,Food,3818.75,0
2024-12-07 07:26:00,Entertainment,609.35,0
2024-10-19 22:17:00,Travel,4809.81,0
2024-10-30 16:26:00,Food,315.11,0
2024-11-28 23:05:00,Health,4488.33,0
2024-10-18 20:52:00,Utilities,568.33,0
2024-12-12 01:27:00,Travel,466.67,0
2024-10-31 09:16:00,Health,4824.67,0
2024-11-20 22:53:00,Entertainment,4637.61,1
2024-11-27 08:14:00,Health,1698.63,0
2024-10-18 18:06:00,Food,4723.42,0
2024-11-27 14:20:00,Shopping,617.72,0
2024-11-15 06:28:00,Travel,691.61,0
2025-01-18 03:05:00,Entertainment,2370.4,1
2024-11-08 22:44:00,Shopping,4057.22,1
2025-01-15 10:09:00,Utilities,297.62,0
2024-11-15 12:32:00,Food,3584.67,0
2024-11-03 05:01:00,Food,3418.2,0
2024-12-11 23:35:00,Travel,4287.55,0
2024-10-14 04:07:00,Shopping,564.15,0
2025-01-08 07:08:00,Food,402.18,0
2024-11-17 21:40:00,Shopping,4136.0,1
2024-12-15 08:58:00,Health,511.79,0
2024-10-09 06:57:00,Food,206.82,0
2024-10-17 02:57:00,Health,2272.81,0
2025-01-29 14:03:00,Entertainment,700.39,0
2024-11-25 23:25:00,Shopping,4628.25,1
2024-12-27 13:11:00,Travel,244.46,0
2024-10-24 08:17:00,Entertainment,1152.11,0
2024-10-05 19:39:00,Travel,4428.78,0
2024-11-07 15:26:00,Utilities,1304.35,0
2024-10-12 08:24:00,Utilities,2447.25,0
2024-12-22 16:15:00,Shopping,2154.25,1
2024-12-09 00:24:00,Health,4971.03,0
2024-12-09 15:22:00,Health,1859.65,0
2024-11-19 08:11:00,Utilities,2561.73,0
2024-10-29 00:57:00,Food,1662.5,0
2024-11-30 16:22:00,Entertainment,387.1,0
2024-10-21 03:15:00,Utilities,4998.07,0
2024-12-08 23:03:00,Health,1281.65,0
2025-01-11 12:22:00,Shopping,2920.89,1
2024-12-15 10:51:00,Shopping,962.89,0
2025-01-25 18:01:00,Health,3518.37,0
2024-12-12 18:09:00,Health,3532.75,0
2025-01-16 15:34:00,Utilities,4747.01,0
2024-10-05 02:03:00,Entertainment,960.23,0
2024-10-03 16:30:00,Shopping,3048.15,1
2024-12-18 06:51:00,Food,1725.5,0
2024-10-23 10:03:00,Shopping,1769.72,0
2024-12-30 04:49:00,Food,823.79,0
2025-01-19 11:04:00,Food,4247.76,0
2024-12-24 12:37:00,Entertainment,3552.24,1
2024-11-11 04:10:00,Food,1749.15,0
2025-01-10 20:31:00,Health,4748.6,0
2024-12-30 17:44:00,Health,1654.69,0
2024-10-29 21:37:00,Utilities,3956.26,0
2025-01-02 22:18:00,Shopping,1954.08,0
2024-10-01 22:36:00,Shopping,970.77,0
2025-01-07 18:02:00,Travel,4268.71,0
2025-01-26 19:14:00,Shopping,3051.7,1
2025-01-28 15:09:00,Health,2871.2,0
2024-10-31 11:20:00,Entertainment,3752.18,1
2024-10-12 22:42:00,Shopping,3217.32,1
2024-11-12 14:00:00,Health,3673.5,0
2024-12-28 02:22:00,Entertainment,1127.45,0
2025-01-01 00:03:00,Entertainment,3956.4,1
2024-11-23 05:56:00,Travel,2247.28,0
2024-11-18 11:34:00,Travel,2516.1,0
2024-12-01 18:41:00,Travel,597.0,0
2024-11-27 02:51:00,Health,1205.36,0
2024-11-10 08:06:00,Food,1545.05,0
2025-01-22 12:10:00,Food,1774.86,0
2025-01-29 02:21:00,Health,467.51,0
2025-01-23 15:45:00,Utilities,4927.85,0
2024-12-23 05:38:00,Food,2213.48,0
2024-10-13 10:13:00,Travel,869.81,0
2024-12-10 23:59:00,Shopping,2105.47,1
2024-12-24 09:19:00,Health,2746.61,0
2024-11-20 18:35:00,Shopping,569.99,0
2024-11-16 00:27:00,Travel,852.59,0
2024-12-24 20:38:00,Food,1543.29,0
2024-10-04 06:10:00,Travel,1078.41,0
2024-10-11 15:54:00,Health,1529.88,0
2024-11-20 15:31:00,Food,1610.93,0
2024-12-22 17:24:00,Health,1398.52,0
2024-11-18 11:11:00,Shopping,1918.0,0
2024-11-26 14:16:00,Travel,318.62,0
2024-12-12 01:09:00,Shopping,4201.69,1
2024-10-11 21:22:00,Health,3370.6,0
2025-01-05 18:14:00,Utilities,2128.53,0
2024-11-19 16:26:00,Utilities,398.82,0
2025-01-28 15:36:00,Utilities,3466.63,0
2024-10-11 12:57:00,Shopping,2433.69,1
2024-12-13 16:51:00,Health,270.17,0
2024-12-19 04:07:00,Utilities,3419.92,0
2024-10-22 06:51:00,Travel,947.11,0
2024-11-24 02:43:00,Shopping,718.31,0
2025-01-14 20:09:00,Travel,1089.4,0
2025-01-25 23:58:00,Utilities,1363.64,0
2024-12-11 12:35:00,Food,526.43,0
2024-12-06 14:58:00,Entertainment,4297.46,1
2024-12-19 18:33:00,Food,3954.1,0
2024-10-20 04:36:00,Travel,651.34,0
2025-01-29 03:59:00,Utilities,2955.12,0
2024-10-13 09:55:00,Food,2857.15,0
2025-01-21 13:16:00,Utilities,4412.67,0
2024-12-13 19:30:00,Travel,3308.46,0
2024-11-21 04:39:00,Food,943.78,0
2024-11-21 01:25:00,Utilities,3435.98,0
2024-10-07 23:30:00,Entertainment,3483.52,1
2024-10-03 10:52:00,Entertainment,4495.45,1
2025-01-16 15:54:00,Entertainment,1623.65,0
2025-01-20 07:08:00,Health,3455.77,0
2024-11-26 10:17:00,Entertainment,4873.68,1
2024-12-22 02:12:00,Health,2142.19,0
2025-01-14 13:47:00,Travel,1135.81,0
2025-01-20 11:52:00,Travel,3821.52,0
2024-10-21 02:19:00,Food,2624.82,0
2024-10-18 16:56:00,Health,2583.3,0
2024-10-25 06:53:00,Utilities,241.85,0
2024-11-28 01:58:00,Food,1322.5,0
2024-11-05 11:52:00,Entertainment,3552.71,1
2024-12-21 03:43:00,Travel,2575.12,0
2024-12-02 19:28:00,Food,1285.5,0
2024-11-30 18:35:00,Shopping,4806.55,1
2025-01-16 08:47:00,Entertainment,1786.82,0
2024-10-04 12:03:00,Health,542.92,0
2025-01-08 06:54:00,Shopping,4283.72,1
2024-12-26 06:17:00,Shopping,3272.16,1
2024-10-03 21:00:00,Health,2106.59,0
2024-12-22 05:38:00,Travel,4566.43,0
2024-12-17 09:45:00,Food,1196.47,0
2024-11-24 12:54:00,Health,3249.43,0
2024-10-28 14:19:00,Entertainment,2349.09,1
2024-12-19 12:37:00,Health,2651.13,0
2024-12-24 11:35:00,Food,136.0,0
2024-11-06 09:43:00,Health,3009.49,0
2024-11-13 08:40:00,Food,2460.52,0
2024-11-03 20:45:00,Entertainment,4321.31,1
2024-10-20 16:48:00,Health,1564.08,0
2025-01-12 19:25:00,Shopping,4508.47,1
2024-10-18 23:01:00,Health,1665.97,0
2024-11-07 08:58:00,Health,2537.13,0
2025-01-03 01:37:00,Travel,2082.53,0
2025-01-13 06:21:00,Health,4974.29,0
2024-12-27 17:40:00,Health,3595.51,0
2024-12-25 11:32:00,Travel,4541.98,0
2025-01-16 21:56:00,Entertainment,4242.55,1
2024-10-13 15:08:00,Utilities,987.57,0
2025-01-12 17:48:00,Health,1367.39,0
2025-01-24 10:41:00,Shopping,4739.92,1
2024-10-29 23:55:00,Food,1189.04,0
2025-01-22 10:23:00,Entertainment,2160.32,1
2024-11-29 03:30:00,Entertainment,2969.3,1
2024-12-14 18:39:00,Food,4345.33,0
2024-10-25 16:07:00,Food,2413.88,0
2024-11-08 13:03:00,Health,1970.18,0
2024-10-26 10:26:00,Shopping,773.09,0
2024-11-28 04:20:00,Utilities,4474.94,0
2024-10-11 15:21:00,Health,983.75,0
2024-11-10 20:03:00,Health,4934.54,0
2024-10-27 05:36:00,Food,2315.06,0
2025-01-06 02:08:00,Shopping,2498.93,1
2024-11-24 12:27:00,Utilities,2225.19,0
2024-10-05 17:12:00,Travel,1978.25,0
2024-10-02 10:48:00,Health,1928.2,0
2024-12-26 00:40:00,Utilities,1033.83,0
2024-12-28 11:19:00,Health,1319.23,0
2024-12-04 18:19:00,Shopping,603.27,0
2024-10-06 09:18:00,Shopping,419.91,0
2024-12-16 16:21:00,Travel,3666.38,0
2024-10-18 10:57:00,Travel,4451.07,0
2024-10-25 05:58:00,Travel,1860.33,0
2024-10-29 23:08:00,Travel,193.71,0
2024-12-15 16:10:00,Shopping,3696.98,1
2024-12-23 01:24:00,Food,1896.3,0
2024-12-08 19:03:00,Health,1353.37,0
2024-12-24 03:41:00,Utilities,4973.93,0
2024-10-15 13:28:00,Food,336.35,0
2024-11-02 15:44:00,Travel,705.62,0
2024-12-27 20:00:00,Shopping,1106.93,0
2024-10-13 21:33:00,Entertainment,2162.27,1
2024-12-29 04:26:00,Entertainment,3151.71,1
2024-12-19 03:18:00,Food,2606.77,0
2024-12-03 06:38:00,Food,3945.32,0
